step,timestamp,encoder,SIN_P,COS_P,SIN_N,COS_N,cycle
0,2025-04-04 11:05:20,39999,9760,11107,16885,15526,1
1,2025-04-04 11:05:21,618,10022,10791,16679,15897,1
2,2025-04-04 11:05:21,614,10297,10472,16411,16205,1
3,2025-04-04 11:05:21,630,10601,10184,16101,16505,1
4,2025-04-04 11:05:22,631,10933,9926,15774,16770,1
5,2025-04-04 11:05:22,623,11285,9693,15424,16986,1
6,2025-04-04 11:05:22,639,11658,9499,15040,17185,1
7,2025-04-04 11:05:22,628,12042,9344,14651,17335,1
8,2025-04-04 11:05:23,636,12450,9224,14254,17449,1
9,2025-04-04 11:05:23,628,12853,9155,13846,17531,1
10,2025-04-04 11:05:23,613,13258,9128,13449,17567,1
11,2025-04-04 11:05:24,629,13680,9135,13047,17560,1
12,2025-04-04 11:05:24,629,14078,9182,12627,17503,1
13,2025-04-04 11:05:24,634,14481,9280,12225,17416,1
14,2025-04-04 11:05:24,620,14871,9408,11843,17282,1
15,2025-04-04 11:05:25,633,15255,9584,11463,17118,1
16,2025-04-04 11:05:25,631,15593,9780,11085,16890,1
17,2025-04-04 11:05:25,631,15948,10025,10756,16656,1
18,2025-04-04 11:05:26,611,16260,10297,10450,16401,1
19,2025-04-04 11:05:26,623,16550,10602,10163,16114,1
20,2025-04-04 11:05:26,631,16813,10922,9902,15776,1
21,2025-04-04 11:05:27,623,17035,11262,9673,15430,1
22,2025-04-04 11:05:27,635,17231,11642,9473,15063,1
23,2025-04-04 11:05:27,615,17388,12023,9329,14689,1
24,2025-04-04 11:05:27,629,17506,12414,9208,14288,1
25,2025-04-04 11:05:28,626,17578,12825,9129,13888,1
26,2025-04-04 11:05:28,613,17613,13221,9097,13482,1
27,2025-04-04 11:05:28,619,17604,13625,9106,13077,1
28,2025-04-04 11:05:29,619,17548,14032,9148,12672,1
29,2025-04-04 11:05:29,632,17458,14438,9245,12264,1
30,2025-04-04 11:05:29,620,17330,14822,9376,11871,1
31,2025-04-04 11:05:29,631,17161,15214,9551,11499,1
32,2025-04-04 11:05:30,613,16947,15567,9757,11135,1
33,2025-04-04 11:05:30,634,16710,15918,10010,10792,1
34,2025-04-04 11:05:30,609,16433,16230,10278,10483,1
35,2025-04-04 11:05:31,625,16125,16520,10582,10186,1
36,2025-04-04 11:05:31,623,15799,16773,10918,9920,1
37,2025-04-04 11:05:31,614,15446,17007,11263,9703,1
38,2025-04-04 11:05:32,633,15070,17207,11646,9508,1
39,2025-04-04 11:05:32,620,14651,17312,12005,9323,1
40,2025-04-04 11:05:32,627,14274,17461,12428,9234,1
41,2025-04-04 11:05:32,618,13868,17534,12830,9156,1
42,2025-04-04 11:05:33,605,13469,17561,13233,9119,1
43,2025-04-04 11:05:33,626,13054,17555,13642,9133,1
44,2025-04-04 11:05:33,622,12644,17503,14050,9183,1
45,2025-04-04 11:05:34,629,12247,17405,14457,9272,1
46,2025-04-04 11:05:34,614,11853,17274,14841,9406,1
47,2025-04-04 11:05:34,633,11464,17099,15212,9572,1
48,2025-04-04 11:05:34,621,11114,16896,15584,9779,1
49,2025-04-04 11:05:35,631,10772,16653,15921,10025,1
50,2025-04-04 11:05:35,604,10459,16388,16224,10287,1
51,2025-04-04 11:05:35,624,10174,16086,16520,10580,1
52,2025-04-04 11:05:36,631,9913,15766,16787,10913,1
53,2025-04-04 11:05:36,626,9681,15423,17008,11259,1
54,2025-04-04 11:05:36,635,9487,15042,17203,11621,1
55,2025-04-04 11:05:37,618,9338,14670,17364,12007,1
56,2025-04-04 11:05:37,634,9209,14270,17469,12400,1
57,2025-04-04 11:05:37,632,9140,13862,17553,12804,1
58,2025-04-04 11:05:37,615,9110,13467,17587,13205,1
59,2025-04-04 11:05:38,626,9117,13064,17577,13617,1
60,2025-04-04 11:05:38,624,9169,12658,17532,14017,1
61,2025-04-04 11:05:38,637,9264,12258,17442,14424,1
62,2025-04-04 11:05:39,631,9392,11867,17300,14817,1
63,2025-04-04 11:05:39,641,9574,11487,17136,15202,1
64,2025-04-04 11:05:40,616,9755,11096,16881,15514,1
0,2025-04-04 11:05:42,-40001,9733,11061,16827,15480,1
1,2025-04-04 11:05:42,-573,9542,11432,17062,15166,1
2,2025-04-04 11:05:42,-643,9371,11806,17241,14777,1
3,2025-04-04 11:05:42,-626,9238,12201,17376,14394,1
4,2025-04-04 11:05:43,-639,9138,12607,17466,13988,1
5,2025-04-04 11:05:43,-623,9085,12996,17513,13572,1
6,2025-04-04 11:05:43,-628,9076,13406,17528,13170,1
7,2025-04-04 11:05:44,-624,9105,13816,17490,12771,1
8,2025-04-04 11:05:44,-626,9187,14218,17431,12373,1
9,2025-04-04 11:05:44,-627,9298,14601,17310,11979,1
10,2025-04-04 11:05:45,-622,9447,14983,17154,11606,1
11,2025-04-04 11:05:45,-631,9644,15354,16968,11236,1
12,2025-04-04 11:05:45,-628,9871,15702,16747,10889,1
13,2025-04-04 11:05:45,-635,10126,16031,16476,10564,1
14,2025-04-04 11:05:46,-615,10410,16321,16188,10264,1
15,2025-04-04 11:05:46,-619,10728,16588,15884,9994,1
16,2025-04-04 11:05:46,-619,11061,16834,15548,9763,1
17,2025-04-04 11:05:47,-625,11414,17037,15185,9552,1
18,2025-04-04 11:05:47,-633,11795,17208,14809,9375,1
19,2025-04-04 11:05:47,-612,12179,17343,14424,9248,1
20,2025-04-04 11:05:48,-633,12588,17447,14021,9157,1
21,2025-04-04 11:05:48,-622,12998,17495,13622,9100,1
22,2025-04-04 11:05:48,-624,13411,17509,13210,9094,1
23,2025-04-04 11:05:48,-611,13811,17490,12807,9129,1
24,2025-04-04 11:05:49,-614,14206,17404,12404,9191,1
25,2025-04-04 11:05:49,-620,14578,17257,11978,9288,1
26,2025-04-04 11:05:49,-626,15002,17155,11621,9467,1
27,2025-04-04 11:05:50,-625,15376,16958,11248,9652,1
28,2025-04-04 11:05:50,-618,15722,16729,10896,9875,1
29,2025-04-04 11:05:50,-627,16054,16476,10557,10142,1
30,2025-04-04 11:05:50,-619,16367,16193,10260,10430,1
31,2025-04-04 11:05:51,-621,16640,15869,9980,10739,1
32,2025-04-04 11:05:51,-622,16888,15536,9735,11089,1
33,2025-04-04 11:05:51,-612,17100,15184,9532,11444,1
34,2025-04-04 11:05:52,-635,17268,14794,9354,11820,1
35,2025-04-04 11:05:52,-619,17397,14404,9215,12211,1
36,2025-04-04 11:05:52,-629,17485,13996,9119,12613,1
37,2025-04-04 11:05:53,-620,17550,13597,9077,13018,1
38,2025-04-04 11:05:53,-618,17553,13187,9064,13427,1
39,2025-04-04 11:05:53,-613,17513,12785,9093,13827,1
40,2025-04-04 11:05:53,-630,17448,12383,9176,14227,1
41,2025-04-04 11:05:54,-633,17332,11988,9285,14624,1
42,2025-04-04 11:05:54,-609,17173,11611,9434,14996,1
43,2025-04-04 11:05:54,-634,16992,11244,9636,15370,1
44,2025-04-04 11:05:55,-625,16765,10894,9858,15713,1
45,2025-04-04 11:05:55,-633,16493,10567,10113,16037,1
46,2025-04-04 11:05:55,-624,16209,10267,10404,16332,1
47,2025-04-04 11:05:55,-609,15910,10002,10714,16599,1
48,2025-04-04 11:05:56,-630,15555,9756,11039,16829,1
49,2025-04-04 11:05:56,-632,15204,9551,11403,17041,1
50,2025-04-04 11:05:56,-632,14840,9381,11793,17220,1
51,2025-04-04 11:05:57,-623,14449,9255,12173,17358,1
52,2025-04-04 11:05:57,-635,14033,9154,12569,17440,1
53,2025-04-04 11:05:57,-628,13639,9103,12985,17493,1
54,2025-04-04 11:05:58,-625,13205,9079,13372,17479,1
55,2025-04-04 11:05:58,-617,12821,9125,13790,17474,1
56,2025-04-04 11:05:58,-629,12418,9189,14193,17393,1
57,2025-04-04 11:05:58,-638,12017,9309,14597,17286,1
58,2025-04-04 11:05:59,-624,11633,9467,14981,17140,1
59,2025-04-04 11:05:59,-639,11256,9655,15358,16938,1
60,2025-04-04 11:05:59,-625,10910,9880,15713,16717,1
61,2025-04-04 11:06:00,-634,10570,10143,16036,16455,1
62,2025-04-04 11:06:00,-633,10266,10429,16344,16158,1
63,2025-04-04 11:06:00,-612,9995,10734,16613,15846,1
64,2025-04-04 11:06:01,-633,9737,11071,16840,15499,1
0,2025-04-04 11:06:06,40003,9749,11111,16888,15502,2
1,2025-04-04 11:06:07,585,10006,10805,16690,15880,2
2,2025-04-04 11:06:07,628,10284,10483,16419,16193,2
3,2025-04-04 11:06:07,625,10588,10196,16119,16492,2
4,2025-04-04 11:06:07,620,10910,9940,15790,16755,2
5,2025-04-04 11:06:08,626,11264,9704,15442,16978,2
6,2025-04-04 11:06:08,640,11645,9509,15067,17178,2
7,2025-04-04 11:06:08,624,12024,9356,14679,17336,2
8,2025-04-04 11:06:09,640,12429,9237,14277,17451,2
9,2025-04-04 11:06:09,622,12832,9159,13875,17524,2
10,2025-04-04 11:06:09,630,13238,9125,13458,17563,2
11,2025-04-04 11:06:10,625,13654,9132,13056,17556,2
12,2025-04-04 11:06:10,624,14059,9176,12648,17503,2
13,2025-04-04 11:06:10,627,14461,9276,12248,17426,2
14,2025-04-04 11:06:10,625,14846,9401,11858,17287,2
15,2025-04-04 11:06:11,633,15237,9571,11482,17122,2
16,2025-04-04 11:06:11,627,15569,9764,11103,16897,2
17,2025-04-04 11:06:11,638,15938,10021,10775,16683,2
18,2025-04-04 11:06:12,621,16251,10286,10464,16409,2
19,2025-04-04 11:06:12,618,16534,10582,10171,16119,2
20,2025-04-04 11:06:12,621,16796,10906,9914,15799,2
21,2025-04-04 11:06:12,625,17029,11244,9686,15448,2
22,2025-04-04 11:06:13,633,17221,11621,9485,15083,2
23,2025-04-04 11:06:13,613,17372,11997,9330,14710,2
24,2025-04-04 11:06:13,633,17505,12395,9218,14309,2
25,2025-04-04 11:06:14,625,17575,12799,9132,13905,2
26,2025-04-04 11:06:14,628,17609,13210,9095,13497,2
27,2025-04-04 11:06:14,610,17604,13608,9105,13091,2
28,2025-04-04 11:06:15,617,17563,14018,9151,12694,2
29,2025-04-04 11:06:15,625,17469,14419,9238,12294,2
30,2025-04-04 11:06:15,623,17343,14807,9372,11895,2
31,2025-04-04 11:06:15,630,17171,15186,9539,11514,2
32,2025-04-04 11:06:16,611,16959,15550,9741,11160,2
33,2025-04-04 11:06:16,631,16724,15901,9994,10810,2
34,2025-04-04 11:06:16,625,16444,16211,10262,10490,2
35,2025-04-04 11:06:17,616,16140,16504,10562,10202,2
36,2025-04-04 11:06:17,613,15815,16757,10892,9936,2
37,2025-04-04 11:06:17,617,15468,16989,11241,9711,2
38,2025-04-04 11:06:17,631,15087,17186,11612,9514,2
39,2025-04-04 11:06:18,618,14682,17310,11984,9337,2
40,2025-04-04 11:06:18,631,14309,17456,12407,9237,2
41,2025-04-04 11:06:18,614,13894,17533,12801,9162,2
42,2025-04-04 11:06:19,625,13484,17563,13214,9121,2
43,2025-04-04 11:06:19,617,13078,17551,13623,9129,2
44,2025-04-04 11:06:19,619,12668,17506,14023,9179,2
45,2025-04-04 11:06:20,619,12270,17415,14426,9265,2
46,2025-04-04 11:06:20,620,11882,17285,14820,9394,2
47,2025-04-04 11:06:20,632,11492,17113,15192,9565,2
48,2025-04-04 11:06:20,619,11138,16915,15556,9766,2
49,2025-04-04 11:06:21,635,10794,16665,15905,10007,2
50,2025-04-04 11:06:21,617,10478,16406,16219,10279,2
51,2025-04-04 11:06:21,619,10186,16110,16504,10568,2
52,2025-04-04 11:06:22,622,9928,15782,16768,10884,2
53,2025-04-04 11:06:22,625,9694,15435,16989,11231,2
54,2025-04-04 11:06:22,633,9499,15074,17194,11604,2
55,2025-04-04 11:06:22,617,9345,14694,17355,11976,2
56,2025-04-04 11:06:23,638,9218,14294,17465,12375,2
57,2025-04-04 11:06:23,628,9140,13892,17542,12778,2
58,2025-04-04 11:06:23,633,9111,13482,17585,13184,2
59,2025-04-04 11:06:24,618,9118,13084,17580,13594,2
60,2025-04-04 11:06:24,619,9160,12689,17534,13997,2
61,2025-04-04 11:06:24,636,9257,12281,17448,14397,2
62,2025-04-04 11:06:25,631,9384,11884,17308,14787,2
63,2025-04-04 11:06:25,637,9449,11358,17046,15093,2
64,2025-04-04 11:06:26,617,9664,11035,16769,15373,2
0,2025-04-04 11:06:31,-40000,9688,10999,16747,15400,2
1,2025-04-04 11:06:31,-572,9498,11373,16981,15093,2
2,2025-04-04 11:06:31,-643,9319,11751,17151,14707,2
3,2025-04-04 11:06:31,-623,9189,12133,17288,14316,2
4,2025-04-04 11:06:32,-641,9093,12538,17381,13917,2
5,2025-04-04 11:06:32,-624,9039,12940,17427,13514,2
6,2025-04-04 11:06:32,-629,9035,13348,17451,13108,2
7,2025-04-04 11:06:33,-625,9062,13746,17412,12707,2
8,2025-04-04 11:06:33,-626,9132,14147,17335,12313,2
9,2025-04-04 11:06:33,-624,9249,14529,17224,11919,2
10,2025-04-04 11:06:34,-623,9441,14964,17142,11591,2
11,2025-04-04 11:06:34,-631,9631,15340,16949,11229,2
12,2025-04-04 11:06:34,-630,9858,15689,16728,10881,2
13,2025-04-04 11:06:34,-633,10124,16016,16473,10554,2
14,2025-04-04 11:06:35,-618,10401,16308,16173,10257,2
15,2025-04-04 11:06:35,-617,10715,16581,15867,9989,2
16,2025-04-04 11:06:35,-622,11054,16813,15535,9747,2
17,2025-04-04 11:06:36,-622,11407,17025,15175,9549,2
18,2025-04-04 11:06:36,-637,11787,17207,14798,9376,2
19,2025-04-04 11:06:36,-607,12170,17330,14417,9238,2
20,2025-04-04 11:06:36,-635,12577,17429,14012,9148,2
21,2025-04-04 11:06:37,-622,12985,17489,13609,9101,2
22,2025-04-04 11:06:37,-625,13399,17496,13200,9083,2
23,2025-04-04 11:06:37,-612,13804,17471,12800,9121,2
24,2025-04-04 11:06:38,-614,14198,17402,12392,9191,2
25,2025-04-04 11:06:38,-618,14565,17248,11971,9278,2
26,2025-04-04 11:06:38,-626,14992,17135,11614,9453,2
27,2025-04-04 11:06:39,-623,15361,16944,11234,9647,2
28,2025-04-04 11:06:39,-620,15703,16717,10883,9867,2
29,2025-04-04 11:06:39,-628,16050,16460,10555,10131,2
30,2025-04-04 11:06:39,-620,16355,16176,10247,10426,2
31,2025-04-04 11:06:40,-619,16626,15865,9971,10740,2
32,2025-04-04 11:06:40,-613,16868,15519,9731,11066,2
33,2025-04-04 11:06:40,-615,17087,15172,9524,11433,2
34,2025-04-04 11:06:41,-634,17251,14797,9346,11812,2
35,2025-04-04 11:06:41,-614,17387,14402,9215,12194,2
36,2025-04-04 11:06:41,-635,17482,13994,9119,12602,2
37,2025-04-04 11:06:41,-617,17533,13596,9067,13011,2
38,2025-04-04 11:06:42,-621,17540,13179,9057,13409,2
39,2025-04-04 11:06:42,-619,17514,12777,9093,13813,2
40,2025-04-04 11:06:42,-621,17429,12380,9160,14211,2
41,2025-04-04 11:06:43,-624,17315,11988,9274,14599,2
42,2025-04-04 11:06:43,-615,17176,11612,9431,14977,2
43,2025-04-04 11:06:43,-632,16988,11246,9625,15359,2
44,2025-04-04 11:06:44,-628,16758,10898,9846,15701,2
45,2025-04-04 11:06:44,-635,16496,10566,10111,16021,2
46,2025-04-04 11:06:44,-618,16205,10267,10387,16316,2
47,2025-04-04 11:06:44,-621,15898,10004,10700,16591,2
48,2025-04-04 11:06:45,-621,15562,9754,11035,16817,2
49,2025-04-04 11:06:45,-628,15200,9542,11384,17019,2
50,2025-04-04 11:06:45,-636,14835,9384,11770,17212,2
51,2025-04-04 11:06:46,-617,14442,9245,12153,17330,2
52,2025-04-04 11:06:46,-642,14036,9145,12558,17425,2
53,2025-04-04 11:06:46,-623,13637,9101,12964,17488,2
54,2025-04-04 11:06:46,-630,13207,9076,13357,17472,2
55,2025-04-04 11:06:47,-625,12824,9115,13783,17459,2
56,2025-04-04 11:06:47,-620,12416,9186,14176,17392,2
57,2025-04-04 11:06:47,-636,12011,9301,14571,17275,2
58,2025-04-04 11:06:48,-630,11635,9453,14967,17124,2
59,2025-04-04 11:06:48,-633,11261,9648,15345,16940,2
60,2025-04-04 11:06:48,-625,10903,9868,15683,16711,2
61,2025-04-04 11:06:49,-637,10573,10126,16022,16444,2
62,2025-04-04 11:06:49,-626,10268,10414,16328,16158,2
63,2025-04-04 11:06:49,-628,9987,10734,16600,15846,2
64,2025-04-04 11:06:50,-620,9740,11059,16833,15498,2
0,2025-04-04 11:06:56,40008,9743,11105,16876,15498,3
1,2025-04-04 11:06:57,582,10000,10801,16681,15871,3
2,2025-04-04 11:06:57,628,10278,10478,16410,16182,3
3,2025-04-04 11:06:57,626,10582,10192,16110,16484,3
4,2025-04-04 11:06:57,616,10905,9934,15784,16744,3
5,2025-04-04 11:06:58,630,11256,9701,15433,16965,3
6,2025-04-04 11:06:58,639,11634,9503,15056,17165,3
7,2025-04-04 11:06:58,624,12014,9350,14667,17324,3
8,2025-04-04 11:06:59,640,12422,9226,14268,17438,3
9,2025-04-04 11:06:59,622,12824,9151,13866,17513,3
10,2025-04-04 11:06:59,630,13229,9120,13448,17549,3
11,2025-04-04 11:07:00,626,13647,9130,13050,17549,3
12,2025-04-04 11:07:00,621,14054,9174,12646,17497,3
13,2025-04-04 11:07:00,629,14450,9266,12239,17412,3
14,2025-04-04 11:07:00,624,14834,9393,11851,17279,3
15,2025-04-04 11:07:01,636,15224,9565,11473,17107,3
16,2025-04-04 11:07:01,626,15560,9758,11096,16888,3
17,2025-04-04 11:07:01,637,15926,10015,10768,16672,3
18,2025-04-04 11:07:02,619,16243,10279,10458,16399,3
19,2025-04-04 11:07:02,620,16526,10575,10167,16109,3
20,2025-04-04 11:07:02,621,16787,10903,9909,15794,3
21,2025-04-04 11:07:02,626,17014,11241,9679,15440,3
22,2025-04-04 11:07:03,631,17218,11613,9484,15076,3
23,2025-04-04 11:07:03,615,17371,11992,9326,14705,3
24,2025-04-04 11:07:03,633,17483,12386,9207,14298,3
25,2025-04-04 11:07:04,623,17572,12793,9133,13901,3
26,2025-04-04 11:07:04,628,17602,13205,9090,13492,3
27,2025-04-04 11:07:04,612,17595,13605,9097,13088,3
28,2025-04-04 11:07:05,614,17547,13998,9145,12682,3
29,2025-04-04 11:07:05,627,17460,14409,9232,12286,3
30,2025-04-04 11:07:05,623,17327,14803,9364,11896,3
31,2025-04-04 11:07:05,629,17159,15179,9536,11501,3
32,2025-04-04 11:07:06,615,16960,15544,9742,11155,3
33,2025-04-04 11:07:06,629,16702,15885,9982,10806,3
34,2025-04-04 11:07:06,624,16433,16201,10257,10481,3
35,2025-04-04 11:07:07,617,16130,16489,10557,10192,3
36,2025-04-04 11:07:07,612,15804,16752,10881,9935,3
37,2025-04-04 11:07:07,618,15465,16983,11237,9705,3
38,2025-04-04 11:07:07,631,15082,17175,11611,9506,3
39,2025-04-04 11:07:08,616,14667,17300,11967,9335,3
40,2025-04-04 11:07:08,632,14295,17451,12396,9232,3
41,2025-04-04 11:07:08,615,13891,17512,12796,9150,3
42,2025-04-04 11:07:09,623,13479,17554,13206,9122,3
43,2025-04-04 11:07:09,618,13067,17547,13612,9125,3
44,2025-04-04 11:07:09,620,12667,17496,14023,9170,3
45,2025-04-04 11:07:10,620,12262,17405,14416,9262,3
46,2025-04-04 11:07:10,618,11871,17279,14806,9391,3
47,2025-04-04 11:07:10,632,11487,17097,15185,9552,3
48,2025-04-04 11:07:10,619,11132,16903,15549,9762,3
49,2025-04-04 11:07:11,636,10785,16669,15893,10006,3
50,2025-04-04 11:07:11,616,10474,16397,16211,10267,3
51,2025-04-04 11:07:11,620,10186,16098,16499,10563,3
52,2025-04-04 11:07:12,621,9915,15776,16750,10882,3
53,2025-04-04 11:07:12,626,9687,15429,16983,11220,3
54,2025-04-04 11:07:12,633,9498,15064,17191,11597,3
55,2025-04-04 11:07:12,616,9337,14692,17340,11974,3
56,2025-04-04 11:07:13,640,9219,14288,17463,12371,3
57,2025-04-04 11:07:13,626,9138,13882,17538,12766,3
58,2025-04-04 11:07:13,634,9101,13477,17571,13182,3
59,2025-04-04 11:07:14,618,9109,13075,17566,13582,3
60,2025-04-04 11:07:14,619,9160,12672,17524,13981,3
61,2025-04-04 11:07:14,636,9249,12272,17431,14390,3
62,2025-04-04 11:07:15,631,9377,11885,17303,14783,3
63,2025-04-04 11:07:15,637,9554,11499,17134,15162,3
64,2025-04-04 11:07:16,616,9711,11091,16847,15450,3
0,2025-04-04 11:07:21,-40003,9733,11053,16818,15481,3
1,2025-04-04 11:07:21,-574,9538,11414,17045,15153,3
2,2025-04-04 11:07:22,-644,9367,11792,17226,14769,3
3,2025-04-04 11:07:22,-618,9231,12182,17360,14390,3
4,2025-04-04 11:07:22,-647,9130,12591,17450,13978,3
5,2025-04-04 11:07:23,-627,9079,12990,17502,13563,3
6,2025-04-04 11:07:23,-630,9075,13407,17523,13167,3
7,2025-04-04 11:07:23,-623,9100,13805,17479,12763,3
8,2025-04-04 11:07:23,-624,9176,14199,17409,12359,3
9,2025-04-04 11:07:24,-631,9288,14587,17295,11968,3
10,2025-04-04 11:07:24,-620,9437,14972,17141,11597,3
11,2025-04-04 11:07:24,-631,9632,15341,16952,11227,3
12,2025-04-04 11:07:25,-629,9861,15684,16730,10880,3
13,2025-04-04 11:07:25,-634,10124,16021,16471,10560,3
14,2025-04-04 11:07:25,-618,10403,16307,16174,10257,3
15,2025-04-04 11:07:25,-618,10720,16579,15877,9990,3
16,2025-04-04 11:07:26,-618,11048,16817,15531,9752,3
17,2025-04-04 11:07:26,-624,11404,17028,15172,9547,3
18,2025-04-04 11:07:26,-637,11791,17200,14802,9370,3
19,2025-04-04 11:07:27,-610,12175,17331,14418,9243,3
20,2025-04-04 11:07:27,-633,12572,17428,14008,9149,3
21,2025-04-04 11:07:27,-620,12982,17482,13611,9093,3
22,2025-04-04 11:07:28,-624,13397,17493,13200,9084,3
23,2025-04-04 11:07:28,-613,13805,17478,12799,9123,3
24,2025-04-04 11:07:28,-613,14204,17402,12400,9190,3
25,2025-04-04 11:07:28,-624,14578,17246,11970,9280,3
26,2025-04-04 11:07:29,-622,14985,17140,11610,9458,3
27,2025-04-04 11:07:29,-624,15358,16947,11234,9646,3
28,2025-04-04 11:07:29,-620,15713,16716,10886,9866,3
29,2025-04-04 11:07:30,-625,16055,16465,10553,10138,3
30,2025-04-04 11:07:30,-620,16356,16184,10249,10426,3
31,2025-04-04 11:07:30,-620,16632,15860,9975,10734,3
32,2025-04-04 11:07:30,-614,16869,15525,9729,11071,3
33,2025-04-04 11:07:31,-615,17082,15181,9525,11437,3
34,2025-04-04 11:07:31,-636,17258,14792,9351,11810,3
35,2025-04-04 11:07:31,-614,17388,14395,9213,12195,3
36,2025-04-04 11:07:32,-633,17476,13991,9113,12600,3
37,2025-04-04 11:07:32,-620,17534,13591,9070,13008,3
38,2025-04-04 11:07:32,-619,17542,13180,9061,13410,3
39,2025-04-04 11:07:33,-618,17514,12786,9093,13822,3
40,2025-04-04 11:07:33,-620,17438,12387,9168,14217,3
41,2025-04-04 11:07:33,-625,17324,11985,9278,14599,3
42,2025-04-04 11:07:33,-616,17168,11610,9426,14980,3
43,2025-04-04 11:07:34,-628,16982,11250,9622,15357,3
44,2025-04-04 11:07:34,-630,16761,10899,9851,15697,3
45,2025-04-04 11:07:34,-635,16493,10564,10104,16021,3
46,2025-04-04 11:07:35,-619,16207,10272,10388,16323,3
47,2025-04-04 11:07:35,-621,15902,9998,10702,16587,3
48,2025-04-04 11:07:35,-619,15559,9752,11032,16816,3
49,2025-04-04 11:07:35,-630,15190,9544,11377,17017,3
50,2025-04-04 11:07:36,-637,14833,9384,11776,17211,3
51,2025-04-04 11:07:36,-615,14448,9243,12154,17330,3
52,2025-04-04 11:07:36,-643,14035,9147,12555,17425,3
53,2025-04-04 11:07:37,-625,13637,9100,12965,17487,3
54,2025-04-04 11:07:37,-629,13206,9072,13360,17467,3
55,2025-04-04 11:07:37,-622,12816,9115,13774,17459,3
56,2025-04-04 11:07:38,-622,12417,9189,14177,17395,3
57,2025-04-04 11:07:38,-633,12019,9295,14576,17276,3
58,2025-04-04 11:07:38,-633,11634,9452,14966,17125,3
59,2025-04-04 11:07:38,-633,11257,9645,15339,16938,3
60,2025-04-04 11:07:39,-628,10903,9869,15688,16709,3
61,2025-04-04 11:07:39,-634,10575,10130,16029,16449,3
62,2025-04-04 11:07:39,-626,10263,10418,16323,16159,3
63,2025-04-04 11:07:40,-627,9985,10729,16595,15840,3
64,2025-04-04 11:07:40,-621,9746,11055,16835,15495,3
0,2025-04-04 11:07:46,40004,9746,11107,16876,15504,4
1,2025-04-04 11:07:47,582,10008,10795,16686,15872,4
2,2025-04-04 11:07:47,634,10285,10478,16409,16196,4
3,2025-04-04 11:07:47,617,10578,10190,16101,16482,4
4,2025-04-04 11:07:47,624,10908,9927,15777,16739,4
5,2025-04-04 11:07:48,627,11265,9698,15433,16971,4
6,2025-04-04 11:07:48,639,11642,9506,15054,17179,4
7,2025-04-04 11:07:48,625,12019,9349,14667,17325,4
8,2025-04-04 11:07:49,639,12433,9230,14271,17446,4
9,2025-04-04 11:07:49,623,12829,9153,13858,17519,4
10,2025-04-04 11:07:49,628,13237,9119,13448,17551,4
11,2025-04-04 11:07:49,622,13649,9126,13052,17546,4
12,2025-04-04 11:07:50,627,14056,9179,12641,17503,4
13,2025-04-04 11:07:50,629,14455,9270,12236,17412,4
14,2025-04-04 11:07:50,624,14845,9394,11850,17277,4
15,2025-04-04 11:07:51,634,15231,9567,11472,17111,4
16,2025-04-04 11:07:51,626,15562,9763,11093,16888,4
17,2025-04-04 11:07:51,636,15926,10013,10764,16662,4
18,2025-04-04 11:07:52,626,16249,10284,10452,16397,4
19,2025-04-04 11:07:52,611,16525,10576,10162,16108,4
20,2025-04-04 11:07:52,625,16791,10901,9907,15786,4
21,2025-04-04 11:07:52,626,17020,11243,9679,15436,4
22,2025-04-04 11:07:53,631,17219,11622,9482,15079,4
23,2025-04-04 11:07:53,615,17368,11994,9324,14696,4
24,2025-04-04 11:07:53,633,17494,12391,9207,14295,4
25,2025-04-04 11:07:54,623,17570,12793,9128,13897,4
26,2025-04-04 11:07:54,629,17600,13211,9091,13488,4
27,2025-04-04 11:07:54,606,17594,13603,9098,13082,4
28,2025-04-04 11:07:54,619,17549,14007,9144,12681,4
29,2025-04-04 11:07:55,628,17459,14417,9233,12282,4
30,2025-04-04 11:07:55,622,17324,14800,9365,11885,4
31,2025-04-04 11:07:55,632,17158,15188,9540,11502,4
32,2025-04-04 11:07:56,610,16950,15547,9738,11150,4
33,2025-04-04 11:07:56,631,16712,15894,9990,10802,4
34,2025-04-04 11:07:56,626,16435,16202,10263,10477,4
35,2025-04-04 11:07:57,610,16136,16497,10562,10199,4
36,2025-04-04 11:07:57,618,15801,16757,10888,9932,4
37,2025-04-04 11:07:57,617,15458,16983,11242,9700,4
38,2025-04-04 11:07:57,630,15079,17176,11610,9509,4
39,2025-04-04 11:07:58,618,14665,17302,11972,9333,4
40,2025-04-04 11:07:58,631,14290,17447,12402,9227,4
41,2025-04-04 11:07:58,614,13890,17527,12803,9157,4
42,2025-04-04 11:07:59,623,13476,17562,13209,9123,4
43,2025-04-04 11:07:59,614,13071,17542,13614,9123,4
44,2025-04-04 11:07:59,624,12663,17493,14026,9174,4
45,2025-04-04 11:07:59,622,12255,17409,14420,9265,4
46,2025-04-04 11:08:00,617,11873,17281,14815,9393,4
47,2025-04-04 11:08:00,632,11490,17101,15194,9559,4
48,2025-04-04 11:08:00,621,11124,16895,15547,9764,4
49,2025-04-04 11:08:01,632,10779,16657,15894,10003,4
50,2025-04-04 11:08:01,622,10468,16387,16213,10270,4
51,2025-04-04 11:08:01,611,10180,16098,16492,10563,4
52,2025-04-04 11:08:02,624,9916,15775,16753,10885,4
53,2025-04-04 11:08:02,628,9689,15421,16989,11225,4
54,2025-04-04 11:08:02,633,9491,15059,17187,11602,4
55,2025-04-04 11:08:02,618,9335,14689,17342,11978,4
56,2025-04-04 11:08:03,636,9219,14284,17464,12370,4
57,2025-04-04 11:08:03,628,9139,13882,17541,12776,4
58,2025-04-04 11:08:03,632,9100,13473,17569,13185,4
59,2025-04-04 11:08:04,614,9115,13079,17578,13587,4
60,2025-04-04 11:08:04,627,9161,12668,17523,13989,4
61,2025-04-04 11:08:04,635,9249,12273,17431,14400,4
62,2025-04-04 11:08:04,628,9381,11878,17301,14781,4
63,2025-04-04 11:08:05,640,9559,11494,17137,15170,4
64,2025-04-04 11:08:06,616,9713,11091,16848,15461,4
0,2025-04-04 11:08:11,-40002,9730,11052,16813,15480,4
1,2025-04-04 11:08:11,-575,9540,11413,17048,15150,4
2,2025-04-04 11:08:11,-642,9369,11797,17232,14780,4
3,2025-04-04 11:08:11,-621,9229,12183,17354,14387,4
4,2025-04-04 11:08:12,-646,9134,12588,17454,13977,4
5,2025-04-04 11:08:12,-620,9079,12985,17505,13571,4
6,2025-04-04 11:08:12,-629,9070,13405,17519,13174,4
7,2025-04-04 11:08:13,-629,9100,13805,17482,12759,4
8,2025-04-04 11:08:13,-618,9176,14193,17413,12364,4
9,2025-04-04 11:08:13,-629,9289,14591,17300,11979,4
10,2025-04-04 11:08:13,-623,9436,14968,17146,11602,4
11,2025-04-04 11:08:14,-632,9633,15336,16956,11228,4
12,2025-04-04 11:08:14,-626,9858,15685,16730,10888,4
13,2025-04-04 11:08:14,-632,10114,16014,16465,10559,4
14,2025-04-04 11:08:15,-620,10403,16306,16184,10259,4
15,2025-04-04 11:08:15,-621,10718,16575,15871,9991,4
16,2025-04-04 11:08:15,-616,11043,16812,15534,9754,4
17,2025-04-04 11:08:16,-624,11405,17024,15179,9544,4
18,2025-04-04 11:08:16,-634,11790,17202,14813,9376,4
19,2025-04-04 11:08:16,-610,12165,17329,14417,9245,4
20,2025-04-04 11:08:16,-633,12572,17431,14017,9148,4
21,2025-04-04 11:08:17,-620,12982,17479,13616,9094,4
22,2025-04-04 11:08:17,-629,13397,17504,13206,9091,4
23,2025-04-04 11:08:17,-617,13797,17475,12798,9120,4
24,2025-04-04 11:08:18,-608,14196,17394,12400,9183,4
25,2025-04-04 11:08:18,-619,14572,17257,11981,9285,4
26,2025-04-04 11:08:18,-627,14983,17141,11614,9457,4
27,2025-04-04 11:08:18,-624,15356,16945,11242,9642,4
28,2025-04-04 11:08:19,-616,15711,16723,10889,9869,4
29,2025-04-04 11:08:19,-627,16042,16470,10554,10132,4
30,2025-04-04 11:08:19,-621,16356,16185,10255,10422,4
31,2025-04-04 11:08:20,-622,16629,15859,9975,10731,4
32,2025-04-04 11:08:20,-610,16868,15530,9731,11070,4
33,2025-04-04 11:08:20,-616,17075,15178,9525,11425,4
34,2025-04-04 11:08:21,-636,17254,14792,9351,11804,4
35,2025-04-04 11:08:21,-612,17387,14407,9215,12196,4
36,2025-04-04 11:08:21,-635,17473,13996,9115,12596,4
37,2025-04-04 11:08:21,-614,17543,13601,9075,13002,4
38,2025-04-04 11:08:22,-627,17540,13184,9058,13408,4
39,2025-04-04 11:08:22,-621,17510,12789,9091,13821,4
40,2025-04-04 11:08:22,-612,17437,12388,9165,14204,4
41,2025-04-04 11:08:23,-628,17330,11994,9280,14604,4
42,2025-04-04 11:08:23,-618,17173,11619,9423,14975,4
43,2025-04-04 11:08:23,-627,16991,11251,9623,15351,4
44,2025-04-04 11:08:23,-631,16767,10903,9852,15697,4
45,2025-04-04 11:08:24,-630,16491,10569,10099,16017,4
46,2025-04-04 11:08:24,-625,16208,10274,10386,16316,4
47,2025-04-04 11:08:24,-623,15901,9996,10700,16581,4
48,2025-04-04 11:08:25,-611,15565,9757,11024,16814,4
49,2025-04-04 11:08:25,-633,15189,9542,11371,17011,4
50,2025-04-04 11:08:25,-639,14838,9382,11771,17205,4
51,2025-04-04 11:08:26,-612,14456,9248,12151,17336,4
52,2025-04-04 11:08:26,-642,14042,9152,12549,17431,4
53,2025-04-04 11:08:26,-627,13645,9099,12960,17484,4
54,2025-04-04 11:08:26,-635,13215,9071,13357,17468,4
55,2025-04-04 11:08:27,-623,12820,9119,13778,17469,4
56,2025-04-04 11:08:27,-618,12417,9185,14171,17389,4
57,2025-04-04 11:08:27,-634,12025,9296,14578,17277,4
58,2025-04-04 11:08:28,-632,11640,9456,14968,17139,4
59,2025-04-04 11:08:28,-629,11261,9643,15332,16940,4
60,2025-04-04 11:08:28,-627,10916,9864,15689,16712,4
61,2025-04-04 11:08:28,-637,10574,10123,16019,16451,4
62,2025-04-04 11:08:29,-627,10267,10417,16321,16168,4
63,2025-04-04 11:08:29,-631,9989,10727,16600,15841,4
64,2025-04-04 11:08:30,-612,9747,11051,16829,15499,4
0,2025-04-04 11:08:36,40002,9748,11105,16880,15503,5
1,2025-04-04 11:08:37,581,10011,10797,16689,15874,5
2,2025-04-04 11:08:37,632,10285,10481,16411,16200,5
3,2025-04-04 11:08:37,618,10580,10189,16103,16480,5
4,2025-04-04 11:08:37,626,10913,9927,15785,16745,5
5,2025-04-04 11:08:38,623,11260,9702,15429,16971,5
6,2025-04-04 11:08:38,639,11632,9505,15048,17168,5
7,2025-04-04 11:08:38,627,12025,9345,14670,17324,5
8,2025-04-04 11:08:39,639,12429,9230,14271,17448,5
9,2025-04-04 11:08:39,620,12827,9157,13862,17526,5
10,2025-04-04 11:08:39,632,13242,9119,13454,17553,5
11,2025-04-04 11:08:39,621,13651,9127,13051,17547,5
12,2025-04-04 11:08:40,628,14052,9178,12635,17499,5
13,2025-04-04 11:08:40,629,14455,9266,12237,17406,5
14,2025-04-04 11:08:40,629,14849,9397,11849,17275,5
15,2025-04-04 11:08:41,636,15233,9573,11466,17117,5
16,2025-04-04 11:08:41,628,15570,9765,11090,16883,5
17,2025-04-04 11:08:41,632,15936,10015,10765,16660,5
18,2025-04-04 11:08:41,625,16251,10292,10449,16401,5
19,2025-04-04 11:08:42,609,16524,10580,10162,16106,5
20,2025-04-04 11:08:42,629,16789,10900,9902,15776,5
21,2025-04-04 11:08:42,625,17023,11248,9675,15436,5
22,2025-04-04 11:08:43,632,17218,11624,9478,15073,5
23,2025-04-04 11:08:43,616,17375,12001,9327,14692,5
24,2025-04-04 11:08:43,634,17492,12396,9204,14290,5
25,2025-04-04 11:08:44,620,17566,12802,9125,13895,5
26,2025-04-04 11:08:44,627,17605,13211,9092,13483,5
27,2025-04-04 11:08:44,606,17595,13600,9098,13079,5
28,2025-04-04 11:08:44,621,17546,14015,9145,12682,5
29,2025-04-04 11:08:45,629,17462,14427,9239,12280,5
30,2025-04-04 11:08:45,619,17330,14804,9368,11881,5
31,2025-04-04 11:08:45,635,17155,15190,9537,11499,5
32,2025-04-04 11:08:46,612,16941,15546,9740,11143,5
33,2025-04-04 11:08:46,628,16706,15892,9990,10795,5
34,2025-04-04 11:08:46,624,16429,16211,10264,10478,5
35,2025-04-04 11:08:46,611,16129,16502,10561,10194,5
36,2025-04-04 11:08:47,620,15806,16759,10895,9930,5
37,2025-04-04 11:08:47,613,15453,16982,11242,9701,5
38,2025-04-04 11:08:47,633,15077,17183,11615,9509,5
39,2025-04-04 11:08:48,618,14657,17295,11974,9326,5
40,2025-04-04 11:08:48,632,14292,17448,12408,9228,5
41,2025-04-04 11:08:48,615,13887,17527,12808,9157,5
42,2025-04-04 11:08:49,622,13467,17555,13213,9118,5
43,2025-04-04 11:08:49,612,13065,17540,13617,9119,5
44,2025-04-04 11:08:49,624,12657,17494,14024,9175,5
45,2025-04-04 11:08:49,625,12252,17406,14427,9266,5
46,2025-04-04 11:08:50,614,11869,17274,14820,9392,5
47,2025-04-04 11:08:50,634,11482,17100,15196,9560,5
48,2025-04-04 11:08:50,620,11119,16899,15551,9767,5
49,2025-04-04 11:08:51,633,10784,16661,15907,10007,5
50,2025-04-04 11:08:51,619,10467,16384,16215,10274,5
51,2025-04-04 11:08:51,612,10178,16101,16498,10570,5
52,2025-04-04 11:08:51,628,9917,15773,16762,10888,5
53,2025-04-04 11:08:52,625,9690,15425,16995,11234,5
54,2025-04-04 11:08:52,632,9491,15060,17190,11607,5
55,2025-04-04 11:08:52,620,9335,14683,17347,11984,5
56,2025-04-04 11:08:53,642,9214,14274,17463,12376,5
57,2025-04-04 11:08:53,628,9135,13873,17539,12783,5
58,2025-04-04 11:08:53,631,9100,13467,17571,13193,5
59,2025-04-04 11:08:54,614,9114,13067,17571,13590,5
60,2025-04-04 11:08:54,626,9163,12663,17523,13997,5
61,2025-04-04 11:08:54,637,9247,12262,17425,14402,5
62,2025-04-04 11:08:54,635,9386,11868,17299,14796,5
63,2025-04-04 11:08:55,641,9565,11483,17127,15181,5
64,2025-04-04 11:08:56,619,9734,11090,16859,15492,5
0,2025-04-04 11:08:59,-39999,9731,11054,16815,15481,5
1,2025-04-04 11:08:59,-573,9546,11419,17055,15158,5
2,2025-04-04 11:09:00,-646,9368,11793,17228,14771,5
3,2025-04-04 11:09:00,-619,9230,12184,17355,14391,5
4,2025-04-04 11:09:00,-644,9132,12592,17454,13982,5
5,2025-04-04 11:09:00,-621,9081,12986,17504,13569,5
6,2025-04-04 11:09:01,-631,9072,13405,17521,13171,5
7,2025-04-04 11:09:01,-627,9103,13809,17486,12767,5
8,2025-04-04 11:09:01,-615,9176,14193,17413,12364,5
9,2025-04-04 11:09:02,-634,9287,14585,17297,11975,5
10,2025-04-04 11:09:02,-618,9436,14973,17147,11604,5
11,2025-04-04 11:09:02,-630,9629,15336,16957,11231,5
12,2025-04-04 11:09:02,-632,9861,15685,16735,10885,5
13,2025-04-04 11:09:03,-632,10117,16015,16469,10561,5
14,2025-04-04 11:09:03,-620,10402,16310,16185,10262,5
15,2025-04-04 11:09:03,-621,10718,16577,15873,9988,5
16,2025-04-04 11:09:04,-614,11048,16820,15541,9759,5
17,2025-04-04 11:09:04,-625,11404,17029,15178,9548,5
18,2025-04-04 11:09:04,-634,11788,17199,14806,9373,5
19,2025-04-04 11:09:05,-611,12167,17325,14419,9242,5
20,2025-04-04 11:09:05,-634,12574,17435,14018,9153,5
21,2025-04-04 11:09:05,-618,12975,17482,13614,9092,5
22,2025-04-04 11:09:05,-629,13395,17496,13205,9086,5
23,2025-04-04 11:09:06,-617,13804,17478,12802,9125,5
24,2025-04-04 11:09:06,-607,14194,17397,12398,9186,5
25,2025-04-04 11:09:06,-618,14572,17250,11981,9277,5
26,2025-04-04 11:09:07,-625,14981,17141,11617,9454,5
27,2025-04-04 11:09:07,-625,15354,16955,11241,9647,5
28,2025-04-04 11:09:07,-620,15712,16725,10892,9865,5
29,2025-04-04 11:09:07,-625,16056,16471,10560,10136,5
30,2025-04-04 11:09:08,-623,16352,16184,10251,10423,5
31,2025-04-04 11:09:08,-622,16628,15861,9974,10733,5
32,2025-04-04 11:09:08,-604,16867,15533,9736,11062,5
33,2025-04-04 11:09:09,-621,17076,15177,9522,11427,5
34,2025-04-04 11:09:09,-631,17251,14798,9349,11806,5
35,2025-04-04 11:09:09,-617,17393,14403,9219,12191,5
36,2025-04-04 11:09:10,-634,17486,14000,9120,12602,5
37,2025-04-04 11:09:10,-614,17528,13599,9069,13003,5
38,2025-04-04 11:09:10,-626,17545,13191,9062,13410,5
39,2025-04-04 11:09:10,-622,17509,12780,9092,13813,5
40,2025-04-04 11:09:11,-615,17436,12389,9161,14212,5
41,2025-04-04 11:09:11,-624,17325,11993,9277,14600,5
42,2025-04-04 11:09:11,-620,17176,11613,9430,14975,5
43,2025-04-04 11:09:12,-626,16985,11253,9620,15353,5
44,2025-04-04 11:09:12,-631,16755,10903,9843,15694,5
45,2025-04-04 11:09:12,-630,16502,10570,10106,16019,5
46,2025-04-04 11:09:13,-623,16214,10270,10387,16316,5
47,2025-04-04 11:09:13,-625,15903,10005,10701,16595,5
48,2025-04-04 11:09:13,-613,15561,9756,11025,16810,5
49,2025-04-04 11:09:13,-635,15200,9544,11380,17014,5
50,2025-04-04 11:09:14,-633,14835,9386,11765,17208,5
51,2025-04-04 11:09:14,-618,14451,9248,12148,17335,5
52,2025-04-04 11:09:14,-641,14049,9149,12558,17428,5
53,2025-04-04 11:09:15,-624,13649,9102,12965,17493,5
54,2025-04-04 11:09:15,-634,13204,9073,13349,17470,5
55,2025-04-04 11:09:15,-626,12824,9117,13782,17463,5
56,2025-04-04 11:09:15,-615,12421,9186,14173,17389,5
57,2025-04-04 11:09:16,-633,12022,9302,14570,17282,5
58,2025-04-04 11:09:16,-631,11641,9451,14962,17128,5
59,2025-04-04 11:09:16,-632,11267,9640,15337,16935,5
60,2025-04-04 11:09:17,-629,10909,9869,15686,16718,5
61,2025-04-04 11:09:17,-633,10573,10127,16018,16450,5
62,2025-04-04 11:09:17,-630,10268,10407,16322,16155,5
63,2025-04-04 11:09:18,-631,9990,10728,16598,15844,5
64,2025-04-04 11:09:18,-615,9742,11056,16828,15505,5
0,2025-04-04 11:09:25,40002,9752,11102,16884,15502,6
1,2025-04-04 11:09:25,576,10006,10802,16686,15880,6
2,2025-04-04 11:09:25,632,10282,10479,16408,16194,6
3,2025-04-04 11:09:26,620,10583,10185,16111,16478,6
4,2025-04-04 11:09:26,626,10914,9933,15783,16751,6
5,2025-04-04 11:09:26,624,11262,9706,15435,16980,6
6,2025-04-04 11:09:26,638,11639,9500,15054,17163,6
7,2025-04-04 11:09:27,626,12027,9349,14673,17331,6
8,2025-04-04 11:09:27,641,12423,9231,14260,17447,6
9,2025-04-04 11:09:27,621,12828,9151,13862,17514,6
10,2025-04-04 11:09:28,630,13244,9121,13454,17556,6
11,2025-04-04 11:09:28,620,13651,9133,13051,17558,6
12,2025-04-04 11:09:28,629,14051,9175,12639,17496,6
13,2025-04-04 11:09:28,628,14459,9268,12241,17409,6
14,2025-04-04 11:09:29,623,14845,9403,11849,17286,6
15,2025-04-04 11:09:29,636,15231,9574,11472,17118,6
16,2025-04-04 11:09:29,627,15568,9757,11097,16883,6
17,2025-04-04 11:09:30,634,15924,10012,10763,16664,6
18,2025-04-04 11:09:30,622,16241,10288,10451,16404,6
19,2025-04-04 11:09:30,615,16526,10574,10168,16103,6
20,2025-04-04 11:09:31,627,16791,10900,9905,15783,6
21,2025-04-04 11:09:31,624,17018,11249,9674,15444,6
22,2025-04-04 11:09:31,633,17213,11615,9482,15069,6
23,2025-04-04 11:09:31,612,17371,11991,9328,14696,6
24,2025-04-04 11:09:32,636,17486,12397,9201,14297,6
25,2025-04-04 11:09:32,621,17570,12796,9131,13897,6
26,2025-04-04 11:09:32,626,17607,13199,9094,13482,6
27,2025-04-04 11:09:33,608,17594,13605,9097,13089,6
28,2025-04-04 11:09:33,620,17545,14011,9145,12685,6
29,2025-04-04 11:09:33,626,17463,14410,9239,12281,6
30,2025-04-04 11:09:33,623,17327,14799,9363,11887,6
31,2025-04-04 11:09:34,633,17153,15190,9536,11507,6
32,2025-04-04 11:09:34,610,16955,15547,9745,11148,6
33,2025-04-04 11:09:34,629,16707,15888,9986,10801,6
34,2025-04-04 11:09:35,626,16435,16213,10261,10488,6
35,2025-04-04 11:09:35,613,16137,16495,10564,10193,6
36,2025-04-04 11:09:35,617,15804,16750,10889,9932,6
37,2025-04-04 11:09:36,616,15452,16985,11235,9706,6
38,2025-04-04 11:09:36,632,15076,17176,11612,9503,6
39,2025-04-04 11:09:36,616,14670,17295,11975,9329,6
40,2025-04-04 11:09:36,633,14295,17453,12401,9234,6
41,2025-04-04 11:09:37,612,13886,17528,12801,9156,6
42,2025-04-04 11:09:37,625,13485,17562,13219,9121,6
43,2025-04-04 11:09:37,613,13069,17545,13615,9125,6
44,2025-04-04 11:09:38,624,12661,17501,14021,9175,6
45,2025-04-04 11:09:38,622,12261,17403,14425,9260,6
46,2025-04-04 11:09:38,617,11874,17285,14819,9397,6
47,2025-04-04 11:09:38,631,11484,17107,15186,9561,6
48,2025-04-04 11:09:39,620,11128,16901,15551,9762,6
49,2025-04-04 11:09:39,635,10785,16656,15898,10004,6
50,2025-04-04 11:09:39,618,10468,16397,16213,10277,6
51,2025-04-04 11:09:40,615,10183,16103,16500,10563,6
52,2025-04-04 11:09:40,626,9922,15774,16763,10884,6
53,2025-04-04 11:09:40,625,9686,15426,16982,11230,6
54,2025-04-04 11:09:41,632,9490,15059,17181,11597,6
55,2025-04-04 11:09:41,617,9339,14684,17348,11974,6
56,2025-04-04 11:09:41,639,9215,14286,17462,12375,6
57,2025-04-04 11:09:41,626,9141,13892,17547,12784,6
58,2025-04-04 11:09:42,635,9107,13474,17579,13183,6
59,2025-04-04 11:09:42,613,9116,13080,17579,13592,6
60,2025-04-04 11:09:42,626,9157,12674,17523,13995,6
61,2025-04-04 11:09:43,633,9251,12272,17438,14394,6
62,2025-04-04 11:09:43,631,9382,11877,17302,14783,6
63,2025-04-04 11:09:43,639,9558,11503,17133,15180,6
64,2025-04-04 11:09:44,617,9716,11088,16851,15457,6
0,2025-04-04 11:09:49,-40002,9739,11052,16823,15485,6
1,2025-04-04 11:09:50,-571,9545,11407,17048,15155,6
2,2025-04-04 11:09:50,-641,9366,11795,17227,14786,6
3,2025-04-04 11:09:50,-622,9229,12177,17353,14384,6
4,2025-04-04 11:09:51,-640,9134,12580,17451,13975,6
5,2025-04-04 11:09:51,-620,9081,12982,17502,13581,6
6,2025-04-04 11:09:51,-637,9071,13399,17517,13174,6
7,2025-04-04 11:09:51,-631,9101,13796,17483,12757,6
8,2025-04-04 11:09:52,-612,9171,14192,17408,12368,6
9,2025-04-04 11:09:52,-623,9284,14590,17299,11986,6
10,2025-04-04 11:09:52,-626,9442,14966,17157,11606,6
11,2025-04-04 11:09:53,-635,9630,15330,16958,11234,6
12,2025-04-04 11:09:53,-627,9856,15684,16734,10895,6
13,2025-04-04 11:09:53,-631,10116,16013,16476,10562,6
14,2025-04-04 11:09:54,-627,10404,16306,16186,10259,6
15,2025-04-04 11:09:54,-621,10718,16586,15875,9998,6
16,2025-04-04 11:09:54,-611,11043,16816,15538,9756,6
17,2025-04-04 11:09:54,-628,11409,17020,15183,9542,6
18,2025-04-04 11:09:55,-634,11786,17197,14806,9377,6
19,2025-04-04 11:09:55,-611,12167,17340,14424,9249,6
20,2025-04-04 11:09:55,-634,12570,17427,14018,9145,6
21,2025-04-04 11:09:56,-620,12978,17479,13614,9095,6
22,2025-04-04 11:09:56,-626,13396,17505,13206,9092,6
23,2025-04-04 11:09:56,-617,13803,17471,12801,9118,6
24,2025-04-04 11:09:56,-607,14198,17396,12405,9185,6
25,2025-04-04 11:09:57,-623,14564,17256,11975,9283,6
26,2025-04-04 11:09:57,-625,14985,17147,11620,9456,6
27,2025-04-04 11:09:57,-627,15361,16946,11242,9642,6
28,2025-04-04 11:09:58,-617,15717,16727,10889,9873,6
29,2025-04-04 11:09:58,-622,16044,16470,10556,10134,6
30,2025-04-04 11:09:58,-622,16355,16182,10257,10420,6
31,2025-04-04 11:09:59,-623,16624,15858,9972,10732,6
32,2025-04-04 11:09:59,-604,16861,15534,9731,11066,6
33,2025-04-04 11:09:59,-620,17078,15177,9525,11423,6
34,2025-04-04 11:09:59,-637,17260,14793,9352,11806,6
35,2025-04-04 11:10:00,-612,17388,14410,9215,12198,6
36,2025-04-04 11:10:00,-637,17471,14000,9115,12596,6
37,2025-04-04 11:10:00,-613,17533,13595,9071,12995,6
38,2025-04-04 11:10:01,-627,17542,13186,9058,13411,6
39,2025-04-04 11:10:01,-619,17513,12789,9092,13821,6
40,2025-04-04 11:10:01,-616,17439,12385,9164,14205,6
41,2025-04-04 11:10:01,-626,17321,11987,9276,14596,6
42,2025-04-04 11:10:02,-618,17175,11623,9428,14984,6
43,2025-04-04 11:10:02,-629,16985,11250,9621,15349,6
44,2025-04-04 11:10:02,-628,16764,10898,9847,15690,6
45,2025-04-04 11:10:03,-633,16494,10567,10099,16016,6
46,2025-04-04 11:10:03,-623,16211,10272,10386,16318,6
47,2025-04-04 11:10:03,-624,15901,9999,10705,16586,6
48,2025-04-04 11:10:04,-611,15566,9761,11027,16818,6
49,2025-04-04 11:10:04,-633,15190,9545,11371,17012,6
50,2025-04-04 11:10:04,-639,14842,9382,11772,17208,6
51,2025-04-04 11:10:04,-613,14454,9245,12149,17330,6
52,2025-04-04 11:10:05,-640,14044,9151,12550,17430,6
53,2025-04-04 11:10:05,-628,13643,9102,12962,17487,6
54,2025-04-04 11:10:05,-632,13210,9071,13355,17465,6
55,2025-04-04 11:10:06,-625,12819,9116,13773,17459,6
56,2025-04-04 11:10:06,-617,12420,9187,14170,17394,6
57,2025-04-04 11:10:06,-636,12022,9294,14572,17272,6
58,2025-04-04 11:10:06,-630,11639,9451,14964,17131,6
59,2025-04-04 11:10:07,-628,11261,9645,15333,16944,6
60,2025-04-04 11:10:07,-627,10914,9866,15687,16714,6
61,2025-04-04 11:10:07,-638,10577,10123,16018,16447,6
62,2025-04-04 11:10:08,-627,10266,10412,16320,16163,6
63,2025-04-04 11:10:08,-632,9990,10729,16600,15846,6
64,2025-04-04 11:10:09,-611,9749,11051,16836,15504,6
0,2025-04-04 11:10:15,40004,9746,11104,16875,15503,7
1,2025-04-04 11:10:15,577,10011,10799,16691,15879,7
2,2025-04-04 11:10:16,635,10285,10477,16409,16194,7
3,2025-04-04 11:10:16,617,10583,10196,16109,16489,7
4,2025-04-04 11:10:16,622,10910,9930,15782,16744,7
5,2025-04-04 11:10:17,628,11265,9698,15435,16970,7
6,2025-04-04 11:10:17,638,11636,9505,15053,17174,7
7,2025-04-04 11:10:17,627,12021,9347,14667,17323,7
8,2025-04-04 11:10:17,640,12428,9225,14264,17438,7
9,2025-04-04 11:10:18,621,12830,9154,13862,17521,7
10,2025-04-04 11:10:18,630,13239,9119,13450,17555,7
11,2025-04-04 11:10:18,620,13651,9128,13052,17548,7
12,2025-04-04 11:10:19,629,14052,9176,12636,17496,7
13,2025-04-04 11:10:19,628,14454,9269,12235,17411,7
14,2025-04-04 11:10:19,623,14847,9396,11853,17279,7
15,2025-04-04 11:10:20,636,15236,9570,11474,17117,7
16,2025-04-04 11:10:20,626,15562,9764,11094,16890,7
17,2025-04-04 11:10:20,635,15924,10012,10764,16660,7
18,2025-04-04 11:10:20,622,16251,10286,10457,16404,7
19,2025-04-04 11:10:21,615,16527,10579,10165,16114,7
20,2025-04-04 11:10:21,625,16794,10903,9907,15789,7
21,2025-04-04 11:10:21,625,17018,11244,9678,15436,7
22,2025-04-04 11:10:22,632,17213,11618,9479,15076,7
23,2025-04-04 11:10:22,616,17369,11993,9324,14695,7
24,2025-04-04 11:10:22,632,17493,12389,9208,14293,7
25,2025-04-04 11:10:22,621,17561,12791,9125,13894,7
26,2025-04-04 11:10:23,628,17593,13203,9088,13483,7
27,2025-04-04 11:10:23,608,17596,13601,9099,13082,7
28,2025-04-04 11:10:23,620,17547,14006,9142,12682,7
29,2025-04-04 11:10:24,627,17465,14417,9237,12288,7
30,2025-04-04 11:10:24,622,17329,14799,9366,11887,7
31,2025-04-04 11:10:24,632,17161,15188,9538,11507,7
32,2025-04-04 11:10:25,613,16953,15552,9742,11151,7
33,2025-04-04 11:10:25,629,16709,15889,9987,10799,7
34,2025-04-04 11:10:25,624,16438,16203,10261,10482,7
35,2025-04-04 11:10:25,612,16129,16496,10556,10196,7
36,2025-04-04 11:10:26,616,15805,16757,10888,9931,7
37,2025-04-04 11:10:26,618,15459,16980,11240,9701,7
38,2025-04-04 11:10:26,630,15079,17177,11610,9510,7
39,2025-04-04 11:10:27,619,14669,17301,11975,9331,7
40,2025-04-04 11:10:27,631,14292,17448,12402,9229,7
41,2025-04-04 11:10:27,614,13886,17522,12797,9156,7
42,2025-04-04 11:10:27,625,13472,17554,13209,9118,7
43,2025-04-04 11:10:28,612,13072,17540,13615,9120,7
44,2025-04-04 11:10:28,624,12658,17494,14023,9175,7
45,2025-04-04 11:10:28,621,12255,17411,14422,9265,7
46,2025-04-04 11:10:29,618,11873,17276,14816,9389,7
47,2025-04-04 11:10:29,631,11491,17105,15193,9561,7
48,2025-04-04 11:10:29,621,11124,16897,15546,9763,7
49,2025-04-04 11:10:30,633,10780,16657,15894,10000,7
50,2025-04-04 11:10:30,619,10469,16391,16213,10271,7
51,2025-04-04 11:10:30,614,10180,16103,16495,10566,7
52,2025-04-04 11:10:30,624,9920,15777,16760,10886,7
53,2025-04-04 11:10:31,627,9691,15421,16989,11225,7
54,2025-04-04 11:10:31,633,9490,15063,17186,11602,7
55,2025-04-04 11:10:31,617,9338,14692,17346,11978,7
56,2025-04-04 11:10:32,638,9219,14282,17464,12369,7
57,2025-04-04 11:10:32,627,9139,13883,17540,12779,7
58,2025-04-04 11:10:32,634,9102,13475,17574,13187,7
59,2025-04-04 11:10:32,613,9115,13078,17579,13587,7
60,2025-04-04 11:10:33,627,9159,12671,17523,13991,7
61,2025-04-04 11:10:33,633,9250,12275,17432,14399,7
62,2025-04-04 11:10:33,631,9380,11875,17300,14781,7
63,2025-04-04 11:10:34,637,9561,11498,17138,15171,7
64,2025-04-04 11:10:34,617,9711,11091,16844,15459,7
0,2025-04-04 11:10:40,-40000,9735,11050,16815,15485,7
1,2025-04-04 11:10:40,-575,9545,11418,17052,15162,7
2,2025-04-04 11:10:40,-639,9373,11795,17234,14783,7
3,2025-04-04 11:10:41,-622,9229,12177,17354,14388,7
4,2025-04-04 11:10:41,-642,9134,12590,17457,13988,7
5,2025-04-04 11:10:41,-621,9084,12982,17506,13577,7
6,2025-04-04 11:10:42,-634,9073,13399,17519,13171,7
7,2025-04-04 11:10:42,-625,9100,13807,17485,12771,7
8,2025-04-04 11:10:42,-618,9173,14193,17408,12368,7
9,2025-04-04 11:10:43,-624,9288,14578,17299,11977,7
10,2025-04-04 11:10:43,-623,9439,14966,17152,11608,7
11,2025-04-04 11:10:43,-636,9628,15337,16959,11236,7
12,2025-04-04 11:10:43,-626,9856,15681,16738,10886,7
13,2025-04-04 11:10:44,-634,10114,16010,16473,10563,7
14,2025-04-04 11:10:44,-619,10399,16312,16186,10269,7
15,2025-04-04 11:10:44,-623,10716,16578,15877,9993,7
16,2025-04-04 11:10:45,-613,11049,16812,15548,9758,7
17,2025-04-04 11:10:45,-630,11400,17021,15179,9551,7
18,2025-04-04 11:10:45,-632,11778,17196,14806,9374,7
19,2025-04-04 11:10:45,-606,12166,17331,14432,9244,7
20,2025-04-04 11:10:46,-635,12572,17431,14022,9152,7
21,2025-04-04 11:10:46,-617,12976,17490,13621,9102,7
22,2025-04-04 11:10:46,-632,13397,17500,13213,9087,7
23,2025-04-04 11:10:47,-615,13796,17470,12805,9118,7
24,2025-04-04 11:10:47,-605,14190,17405,12403,9190,7
25,2025-04-04 11:10:47,-622,14564,17258,11984,9279,7
26,2025-04-04 11:10:48,-627,14984,17137,11620,9449,7
27,2025-04-04 11:10:48,-626,15359,16950,11242,9647,7
28,2025-04-04 11:10:48,-616,15701,16733,10894,9867,7
29,2025-04-04 11:10:48,-626,16046,16472,10564,10126,7
30,2025-04-04 11:10:49,-622,16352,16187,10255,10419,7
31,2025-04-04 11:10:49,-622,16620,15868,9973,10732,7
32,2025-04-04 11:10:49,-605,16861,15531,9736,11058,7
33,2025-04-04 11:10:50,-621,17080,15175,9529,11421,7
34,2025-04-04 11:10:50,-632,17248,14801,9348,11803,7
35,2025-04-04 11:10:50,-614,17383,14414,9218,12189,7
36,2025-04-04 11:10:50,-634,17479,13999,9119,12587,7
37,2025-04-04 11:10:51,-614,17536,13605,9070,12998,7
38,2025-04-04 11:10:51,-631,17545,13197,9058,13412,7
39,2025-04-04 11:10:51,-619,17510,12784,9092,13809,7
40,2025-04-04 11:10:52,-613,17440,12392,9164,14205,7
41,2025-04-04 11:10:52,-625,17321,12000,9271,14596,7
42,2025-04-04 11:10:52,-621,17174,11620,9425,14970,7
43,2025-04-04 11:10:53,-626,16999,11254,9623,15346,7
44,2025-04-04 11:10:53,-630,16760,10903,9838,15689,7
45,2025-04-04 11:10:53,-632,16490,10572,10095,16012,7
46,2025-04-04 11:10:53,-623,16218,10274,10388,16311,7
47,2025-04-04 11:10:54,-625,15904,10002,10698,16586,7
48,2025-04-04 11:10:54,-614,15568,9765,11023,16821,7
49,2025-04-04 11:10:54,-630,15196,9541,11369,17001,7
50,2025-04-04 11:10:55,-633,14844,9380,11765,17202,7
51,2025-04-04 11:10:55,-616,14456,9253,12144,17339,7
52,2025-04-04 11:10:55,-646,14044,9154,12551,17430,7
53,2025-04-04 11:10:55,-624,13652,9101,12962,17485,7
54,2025-04-04 11:10:56,-632,13214,9074,13348,17469,7
55,2025-04-04 11:10:56,-627,12825,9120,13775,17471,7
56,2025-04-04 11:10:56,-614,12424,9182,14170,17388,7
57,2025-04-04 11:10:57,-633,12030,9297,14571,17279,7
58,2025-04-04 11:10:57,-634,11641,9452,14960,17139,7
59,2025-04-04 11:10:57,-631,11271,9644,15337,16949,7
60,2025-04-04 11:10:58,-627,10917,9860,15686,16712,7
61,2025-04-04 11:10:58,-637,10583,10126,16021,16460,7
62,2025-04-04 11:10:58,-626,10265,10408,16313,16162,7
63,2025-04-04 11:10:58,-633,9992,10725,16598,15843,7
64,2025-04-04 11:10:59,-614,9747,11049,16830,15505,7
